m_t,Distribution Centre Auckland,Countdown Auckland City,Countdown Metro Albert Street,Countdown Victoria Street West,Distribution Centre Auckland
m_t,Distribution Centre Auckland,Countdown Birkenhead,Countdown Northcote,SuperValue Avondale,Distribution Centre Auckland
m_t,Distribution Centre Auckland,Countdown Botany Downs,Countdown Aviemore Drive,Countdown Highland Park,Distribution Centre Auckland
m_t,Distribution Centre Auckland,Countdown Grey Lynn,Countdown Ponsonby,Countdown Grey Lynn Central,Distribution Centre Auckland
m_t,Distribution Centre Auckland,Countdown Hauraki Corner,Countdown Milford,Countdown Metro Halsey Street,Distribution Centre Auckland
m_t,Distribution Centre Auckland,Countdown Henderson,SuperValue Palomino,FreshChoice Ranui,Distribution Centre Auckland
m_t,Distribution Centre Auckland,Countdown Lincoln Road,Countdown Te Atatu South,Countdown Te Atatu,Distribution Centre Auckland
m_t,Distribution Centre Auckland,Countdown Lynfield,Countdown Blockhouse Bay,Countdown Lynmall,Distribution Centre Auckland
m_t,Distribution Centre Auckland,Countdown Mangere East,Distribution Centre Auckland
m_t,Distribution Centre Auckland,Countdown Mangere Mall,Countdown Airport,Countdown Onehunga,Distribution Centre Auckland
m_t,Distribution Centre Auckland,Countdown Manukau Mall,Countdown Manukau,Countdown Papatoetoe,Distribution Centre Auckland
m_t,Distribution Centre Auckland,Countdown Meadowlands,Countdown Howick,FreshChoice Half Moon Bay,Distribution Centre Auckland
m_t,Distribution Centre Auckland,Countdown Pt Chevalier,Countdown St Lukes,Countdown Mt Roskill,Distribution Centre Auckland
m_t,Distribution Centre Auckland,Countdown Roselands,Countdown Papakura,SuperValue Papakura,Distribution Centre Auckland
m_t,Distribution Centre Auckland,Countdown St Johns,Countdown Meadowbank,Countdown Greenlane,Distribution Centre Auckland
m_t,Distribution Centre Auckland,Countdown Sylvia Park,Countdown Mt Wellington,Countdown Pakuranga,Distribution Centre Auckland
m_t,Distribution Centre Auckland,Countdown Takapuna,Countdown Browns Bay,Distribution Centre Auckland
m_t,Distribution Centre Auckland,Countdown Three Kings,Countdown Newmarket,Countdown Mt Eden,Distribution Centre Auckland
m_t,Distribution Centre Auckland,Countdown Westgate,Countdown Mairangi Bay,Distribution Centre Auckland
m_t,Distribution Centre Auckland,FreshChoice Mangere Bridge,Countdown Northwest,Countdown Hobsonville,Distribution Centre Auckland
m_t,Distribution Centre Auckland,FreshChoice Otahuhu,Countdown Glenfield,Countdown Sunnynook,Distribution Centre Auckland
m_t,Distribution Centre Auckland,SuperValue Flatbush,Countdown Takanini,Countdown Manurewa,Distribution Centre Auckland
m_t,Distribution Centre Auckland,SuperValue Titirangi,FreshChoice Glen Eden,Countdown Kelston,Distribution Centre Auckland
fri,Distribution Centre Auckland,Countdown Auckland City,Countdown Metro Albert Street,Countdown Victoria Street West,Distribution Centre Auckland
fri,Distribution Centre Auckland,Countdown Birkenhead,Countdown Glenfield,Countdown Metro Halsey Street,Distribution Centre Auckland
fri,Distribution Centre Auckland,Countdown Botany Downs,Countdown Aviemore Drive,Countdown Highland Park,Distribution Centre Auckland
fri,Distribution Centre Auckland,Countdown Greenlane,Countdown Newmarket,Countdown Mt Eden,Distribution Centre Auckland
fri,Distribution Centre Auckland,Countdown Grey Lynn,Countdown Grey Lynn Central,Countdown St Lukes,Distribution Centre Auckland
fri,Distribution Centre Auckland,Countdown Lynfield,Countdown Mt Roskill,Countdown Three Kings,Distribution Centre Auckland
fri,Distribution Centre Auckland,Countdown Lynmall,Countdown Kelston,FreshChoice Glen Eden,Countdown Blockhouse Bay,Distribution Centre Auckland
fri,Distribution Centre Auckland,Countdown Mangere East,Countdown Airport,Countdown Mangere Mall,Distribution Centre Auckland
fri,Distribution Centre Auckland,Countdown Manukau Mall,Countdown Manukau,Countdown Papatoetoe,Distribution Centre Auckland
fri,Distribution Centre Auckland,Countdown Meadowlands,Countdown Howick,FreshChoice Half Moon Bay,Distribution Centre Auckland
fri,Distribution Centre Auckland,Countdown Northcote,Countdown Mairangi Bay,Distribution Centre Auckland
fri,Distribution Centre Auckland,Countdown Northwest,Countdown Browns Bay,Distribution Centre Auckland
fri,Distribution Centre Auckland,Countdown Roselands,Countdown Papakura,SuperValue Papakura,Distribution Centre Auckland
fri,Distribution Centre Auckland,Countdown St Johns,Countdown Meadowbank,Countdown Onehunga,Distribution Centre Auckland
fri,Distribution Centre Auckland,Countdown Sylvia Park,Countdown Mt Wellington,Countdown Pakuranga,Distribution Centre Auckland
fri,Distribution Centre Auckland,Countdown Takapuna,Countdown Hauraki Corner,Distribution Centre Auckland
fri,Distribution Centre Auckland,Countdown Westgate,Countdown Hobsonville,Distribution Centre Auckland
fri,Distribution Centre Auckland,FreshChoice Mangere Bridge,SuperValue Avondale,Countdown Pt Chevalier,Countdown Ponsonby,Distribution Centre Auckland
fri,Distribution Centre Auckland,FreshChoice Otahuhu,Countdown Sunnynook,Countdown Milford,Distribution Centre Auckland
fri,Distribution Centre Auckland,FreshChoice Ranui,Countdown Te Atatu South,Countdown Te Atatu,Distribution Centre Auckland
fri,Distribution Centre Auckland,SuperValue Flatbush,Countdown Takanini,Countdown Manurewa,Distribution Centre Auckland
fri,Distribution Centre Auckland,SuperValue Titirangi,Countdown Henderson,SuperValue Palomino,Countdown Lincoln Road,Distribution Centre Auckland
sat,Distribution Centre Auckland,Countdown Auckland City,Countdown Victoria Street West,Countdown Ponsonby,Countdown Grey Lynn Central,Distribution Centre Auckland
sat,Distribution Centre Auckland,Countdown Birkenhead,Countdown Glenfield,Countdown Northcote,Distribution Centre Auckland
sat,Distribution Centre Auckland,Countdown Grey Lynn,Countdown Mairangi Bay,Countdown Sunnynook,Distribution Centre Auckland
sat,Distribution Centre Auckland,Countdown Hauraki Corner,Countdown Milford,Countdown Takapuna,Distribution Centre Auckland
sat,Distribution Centre Auckland,Countdown Highland Park,Countdown Aviemore Drive,Countdown Howick,Countdown Meadowlands,Distribution Centre Auckland
sat,Distribution Centre Auckland,Countdown Lynfield,Countdown Blockhouse Bay,Countdown Mt Roskill,Countdown St Lukes,Countdown Three Kings,Distribution Centre Auckland
sat,Distribution Centre Auckland,Countdown Lynmall,Countdown Kelston,Countdown Henderson,Countdown Lincoln Road,Distribution Centre Auckland
sat,Distribution Centre Auckland,Countdown Manukau Mall,Countdown Manukau,Countdown Botany Downs,Countdown Pakuranga,Distribution Centre Auckland
sat,Distribution Centre Auckland,Countdown Mt Wellington,Countdown St Johns,Countdown Meadowbank,Countdown Onehunga,Distribution Centre Auckland
sat,Distribution Centre Auckland,Countdown Papatoetoe,Countdown Mangere East,Countdown Airport,Countdown Mangere Mall,Distribution Centre Auckland
sat,Distribution Centre Auckland,Countdown Sylvia Park,Countdown Greenlane,Countdown Newmarket,Countdown Mt Eden,Distribution Centre Auckland
sat,Distribution Centre Auckland,Countdown Takanini,Countdown Papakura,Countdown Roselands,Countdown Manurewa,Distribution Centre Auckland
sat,Distribution Centre Auckland,Countdown Te Atatu South,Countdown Te Atatu,Countdown Pt Chevalier,Distribution Centre Auckland
sat,Distribution Centre Auckland,Countdown Westgate,Countdown Northwest,Countdown Hobsonville,Distribution Centre Auckland
