m_t,Distribution Centre Auckland,Countdown Browns Bay,Countdown Glenfield,Distribution Centre Auckland
m_t,Distribution Centre Auckland,Countdown Greenlane,Countdown Newmarket,Countdown St Lukes,Distribution Centre Auckland
m_t,Distribution Centre Auckland,Countdown Hauraki Corner,Countdown Metro Halsey Street,Countdown Victoria Street West,Distribution Centre Auckland
m_t,Distribution Centre Auckland,Countdown Henderson,FreshChoice Ranui,Countdown Lincoln Road,Distribution Centre Auckland
m_t,Distribution Centre Auckland,Countdown Highland Park,Countdown Aviemore Drive,Distribution Centre Auckland
m_t,Distribution Centre Auckland,Countdown Lynfield,SuperValue Titirangi,Countdown Kelston,Distribution Centre Auckland
m_t,Distribution Centre Auckland,Countdown Mairangi Bay,Countdown Takapuna,Distribution Centre Auckland
m_t,Distribution Centre Auckland,Countdown Mangere East,Countdown Manukau Mall,Countdown Takanini,Distribution Centre Auckland
m_t,Distribution Centre Auckland,Countdown Meadowlands,Countdown Howick,FreshChoice Half Moon Bay,Distribution Centre Auckland
m_t,Distribution Centre Auckland,Countdown Metro Albert Street,Countdown Birkenhead,Countdown Northcote,Distribution Centre Auckland
m_t,Distribution Centre Auckland,Countdown Milford,Countdown Auckland City,Distribution Centre Auckland
m_t,Distribution Centre Auckland,Countdown Mt Roskill,Countdown Airport,Countdown Mangere Mall,Distribution Centre Auckland
m_t,Distribution Centre Auckland,Countdown Pakuranga,Countdown Mt Wellington,Countdown Sylvia Park,Distribution Centre Auckland
m_t,Distribution Centre Auckland,Countdown Papatoetoe,SuperValue Flatbush,Countdown Botany Downs,Distribution Centre Auckland
m_t,Distribution Centre Auckland,Countdown Ponsonby,Countdown Grey Lynn Central,Countdown Grey Lynn,Distribution Centre Auckland
m_t,Distribution Centre Auckland,Countdown St Johns,Countdown Meadowbank,Countdown Onehunga,Distribution Centre Auckland
m_t,Distribution Centre Auckland,Countdown Sunnynook,Countdown Hobsonville,Distribution Centre Auckland
m_t,Distribution Centre Auckland,Countdown Te Atatu,SuperValue Palomino,FreshChoice Glen Eden,Distribution Centre Auckland
m_t,Distribution Centre Auckland,Countdown Te Atatu South,Countdown Northwest,Countdown Westgate,Distribution Centre Auckland
m_t,Distribution Centre Auckland,Countdown Three Kings,Countdown Mt Eden,Countdown Pt Chevalier,Distribution Centre Auckland
m_t,Distribution Centre Auckland,FreshChoice Mangere Bridge,SuperValue Avondale,Countdown Lynmall,Countdown Blockhouse Bay,Distribution Centre Auckland
m_t,Distribution Centre Auckland,FreshChoice Otahuhu,Countdown Manukau,Countdown Manurewa,Distribution Centre Auckland
m_t,Distribution Centre Auckland,SuperValue Papakura,Countdown Papakura,Countdown Roselands,Distribution Centre Auckland
fri,Distribution Centre Auckland,Countdown Birkenhead,Countdown Auckland City,SuperValue Avondale,Distribution Centre Auckland
fri,Distribution Centre Auckland,Countdown Greenlane,Countdown Newmarket,Countdown Mt Eden,Distribution Centre Auckland
fri,Distribution Centre Auckland,Countdown Grey Lynn,Countdown Grey Lynn Central,Countdown St Lukes,Distribution Centre Auckland
fri,Distribution Centre Auckland,Countdown Highland Park,Countdown Aviemore Drive,Distribution Centre Auckland
fri,Distribution Centre Auckland,Countdown Hobsonville,Countdown Westgate,Distribution Centre Auckland
fri,Distribution Centre Auckland,Countdown Howick,Countdown Meadowlands,FreshChoice Half Moon Bay,Distribution Centre Auckland
fri,Distribution Centre Auckland,Countdown Lincoln Road,SuperValue Palomino,Countdown Henderson,SuperValue Titirangi,Distribution Centre Auckland
fri,Distribution Centre Auckland,Countdown Lynfield,Countdown Blockhouse Bay,Countdown Lynmall,Distribution Centre Auckland
fri,Distribution Centre Auckland,Countdown Mairangi Bay,Countdown Glenfield,Distribution Centre Auckland
fri,Distribution Centre Auckland,Countdown Mangere East,Countdown Manukau Mall,Countdown Takanini,Distribution Centre Auckland
fri,Distribution Centre Auckland,Countdown Mangere Mall,Countdown Manurewa,Countdown Manukau,Distribution Centre Auckland
fri,Distribution Centre Auckland,Countdown Milford,Countdown Northcote,Distribution Centre Auckland
fri,Distribution Centre Auckland,Countdown Mt Roskill,Countdown Three Kings,Countdown Airport,Distribution Centre Auckland
fri,Distribution Centre Auckland,Countdown Mt Wellington,Countdown Sylvia Park,Countdown Pakuranga,Distribution Centre Auckland
fri,Distribution Centre Auckland,Countdown Papatoetoe,SuperValue Flatbush,Countdown Botany Downs,FreshChoice Otahuhu,Distribution Centre Auckland
fri,Distribution Centre Auckland,Countdown Ponsonby,Countdown Pt Chevalier,Distribution Centre Auckland
fri,Distribution Centre Auckland,Countdown St Johns,Countdown Meadowbank,Countdown Onehunga,Distribution Centre Auckland
fri,Distribution Centre Auckland,Countdown Sunnynook,Countdown Browns Bay,Distribution Centre Auckland
fri,Distribution Centre Auckland,Countdown Takapuna,Countdown Hauraki Corner,Countdown Metro Halsey Street,Countdown Metro Albert Street,Distribution Centre Auckland
fri,Distribution Centre Auckland,Countdown Te Atatu South,Countdown Northwest,FreshChoice Ranui,Distribution Centre Auckland
fri,Distribution Centre Auckland,Countdown Victoria Street West,Distribution Centre Auckland
fri,Distribution Centre Auckland,FreshChoice Mangere Bridge,Countdown Kelston,FreshChoice Glen Eden,Countdown Te Atatu,Distribution Centre Auckland
fri,Distribution Centre Auckland,SuperValue Papakura,Countdown Papakura,Countdown Roselands,Distribution Centre Auckland
sat,Distribution Centre Auckland,Countdown Auckland City,Countdown Meadowbank,Countdown St Johns,Countdown Manukau,Distribution Centre Auckland
sat,Distribution Centre Auckland,Countdown Glenfield,Countdown Sunnynook,Countdown Takapuna,Distribution Centre Auckland
sat,Distribution Centre Auckland,Countdown Greenlane,Countdown Newmarket,Countdown Mt Eden,Countdown Three Kings,Distribution Centre Auckland
sat,Distribution Centre Auckland,Countdown Grey Lynn Central,Countdown Ponsonby,Countdown Grey Lynn,Distribution Centre Auckland
sat,Distribution Centre Auckland,Countdown Highland Park,Countdown Aviemore Drive,Distribution Centre Auckland
sat,Distribution Centre Auckland,Countdown Milford,Countdown Birkenhead,Countdown Hauraki Corner,Distribution Centre Auckland
sat,Distribution Centre Auckland,Countdown Northcote,Countdown Mairangi Bay,Countdown Hobsonville,Distribution Centre Auckland
sat,Distribution Centre Auckland,Countdown Northwest,Countdown Te Atatu,Countdown Te Atatu South,Distribution Centre Auckland
sat,Distribution Centre Auckland,Countdown Onehunga,Countdown Botany Downs,Countdown Howick,Countdown Meadowlands,Distribution Centre Auckland
sat,Distribution Centre Auckland,Countdown Pakuranga,Countdown Mt Wellington,Countdown Sylvia Park,Countdown Mangere East,Distribution Centre Auckland
sat,Distribution Centre Auckland,Countdown Papatoetoe,Countdown Manukau Mall,Countdown Mangere Mall,Countdown Airport,Distribution Centre Auckland
sat,Distribution Centre Auckland,Countdown St Lukes,Countdown Pt Chevalier,Countdown Mt Roskill,Distribution Centre Auckland
sat,Distribution Centre Auckland,Countdown Takanini,Countdown Papakura,Countdown Roselands,Countdown Manurewa,Distribution Centre Auckland
sat,Distribution Centre Auckland,Countdown Victoria Street West,Countdown Kelston,Countdown Blockhouse Bay,Countdown Lynfield,Distribution Centre Auckland
sat,Distribution Centre Auckland,Countdown Westgate,Countdown Lincoln Road,Countdown Henderson,Countdown Lynmall,Distribution Centre Auckland
